<Page xmlns="http://schemas.nativescript.org/tns.xsd" navigatingTo="navigatingTo" class="bg-gray-100">
    <ActionBar title="Child Growth Tracker" class="bg-blue-500 text-white" />
    
    <GridLayout rows="auto, *">
        <!-- Add Child Button -->
        <Button text="+ Add Child" tap="{{ onAddChild }}" class="bg-blue-500 text-white font-bold py-2 px-4 rounded m-4" row="0" />
        
        <!-- Child List -->
        <ListView items="{{ children }}" row="1" class="list-group">
            <ListView.itemTemplate>
                <GridLayout columns="*, auto" class="bg-white p-4 border-b border-gray-200">
                    <StackLayout col="0">
                        <Label text="{{ name }}" class="text-lg font-bold text-gray-800" />
                        <Label text="{{ 'Age: ' + age }}" class="text-sm text-gray-600" />
                    </StackLayout>
                    <Button text="View" tap="{{ onViewChild }}" 
                            class="bg-blue-500 text-white px-4 py-2 rounded" col="1" />
                </GridLayout>
            </ListView.itemTemplate>
        </ListView>
    </GridLayout>
</Page>